{
  "Jitter_rel": {
    "mean": 0.6182280833333332,
    "std": 0.4481325693980092
  },
  "Jitter_abs": {
    "mean": 4.695223333332777e-05,
    "std": 3.823211854424961e-05
  },
  "Jitter_RAP": {
    "mean": 0.0033992306666666377,
    "std": 0.0027880408339341746
  },
  "Jitter_PPQ": {
    "mean": 0.0037395563888888545,
    "std": 0.003374866625352401
  },
  "Shim_loc": {
    "mean": 0.03911497111111108,
    "std": 0.021491657232813807
  },
  "Shim_dB": {
    "mean": 0.3425355722222222,
    "std": 0.19135362254166727
  },
  "Shim_APQ3": {
    "mean": 0.021934376111111067,
    "std": 0.01245838806979294
  },
  "Shim_APQ5": {
    "mean": 0.023814458333333295,
    "std": 0.013725490591668705
  },
  "Shi_APQ11": {
    "mean": 0.02906065888888885,
    "std": 0.015922457586280532
  },
  "HNR05": {
    "mean": 60.18805584733334,
    "std": 13.827527922561025
  },
  "HNR15": {
    "mean": 64.77542898861111,
    "std": 14.780436480987767
  },
  "HNR25": {
    "mean": 75.42542356305555,
    "std": 15.535561392211102
  },
  "HNR35": {
    "mean": 81.42250194838888,
    "std": 16.358959735446735
  },
  "HNR38": {
    "mean": 82.71736310788889,
    "std": 16.561663699337753
  }
}