{
  "Jitter_rel": {
    "mean": 0.6182280833333332,
    "std": 0.4481325693980092
  },
  "Jitter_abs": {
    "mean": 4.695223333332777e-05,
    "std": 3.823211854424961e-05
  },
  "Jitter_RAP": {
    "mean": 0.0033992306666666377,
    "std": 0.0027880408339341746
  },
  "Jitter_PPQ": {
    "mean": 0.0037395563888888545,
    "std": 0.003374866625352401
  },
  "Shim_loc": {
    "mean": 0.03911497111111108,
    "std": 0.021491657232813807
  },
  "Shim_dB": {
    "mean": 0.3425355722222222,
    "std": 0.19135362254166727
  },
  "Shim_APQ3": {
    "mean": 0.021934376111111067,
    "std": 0.01245838806979294
  },
  "Shim_APQ5": {
    "mean": 0.023814458333333295,
    "std": 0.013725490591668705
  },
  "Shi_APQ11": {
    "mean": 0.02906065888888885,
    "std": 0.015922457586280532
  },
  "HNR05": {
    "mean": 60.18805584733334,
    "std": 13.827527922561025
  },
  "HNR15": {
    "mean": 64.77542898861111,
    "std": 14.780436480987767
  },
  "HNR25": {
    "mean": 75.42542356305555,
    "std": 15.535561392211102
  },
  "HNR35": {
    "mean": 81.42250194838888,
    "std": 16.358959735446735
  },
  "HNR38": {
    "mean": 82.71736310788889,
    "std": 16.561663699337753
  },
  "MFCC0": {
    "mean": 1.3636783586444443,
    "std": 0.19293480794136075
  },
  "MFCC1": {
    "mean": 1.3048689245277776,
    "std": 0.18876673709695435
  },
  "MFCC2": {
    "mean": 1.2963526798166667,
    "std": 0.21730181540755697
  },
  "MFCC3": {
    "mean": 1.3557347190111109,
    "std": 0.19662893327045913
  },
  "MFCC4": {
    "mean": 1.3739249887277778,
    "std": 0.19962907091776036
  },
  "MFCC5": {
    "mean": 1.34121489855,
    "std": 0.19613699030985324
  },
  "MFCC6": {
    "mean": 1.3493624792277779,
    "std": 0.18975726573718502
  },
  "MFCC7": {
    "mean": 1.359545881388889,
    "std": 0.19253017635807376
  },
  "MFCC8": {
    "mean": 1.36637195155,
    "std": 0.1971386508853601
  },
  "MFCC9": {
    "mean": 1.3677514703166667,
    "std": 0.18173881891326374
  },
  "MFCC10": {
    "mean": 1.3559114066000002,
    "std": 0.18767822805328085
  },
  "MFCC11": {
    "mean": 1.3675926256999997,
    "std": 0.19262435735762262
  },
  "MFCC12": {
    "mean": 1.3539443524555557,
    "std": 0.18850937828243652
  },
  "Delta0": {
    "mean": 1.3506384222555559,
    "std": 0.20656237622945178
  },
  "Delta1": {
    "mean": 1.348133427816667,
    "std": 0.19860752961387343
  },
  "Delta2": {
    "mean": 1.3531942661944447,
    "std": 0.1967506762569997
  },
  "Delta3": {
    "mean": 1.3535351618833333,
    "std": 0.18040010240208598
  },
  "Delta4": {
    "mean": 1.3615755423611111,
    "std": 0.1867179903524402
  },
  "Delta5": {
    "mean": 1.3567850448833336,
    "std": 0.18625077295196837
  },
  "Delta6": {
    "mean": 1.3568887914666665,
    "std": 0.19233293291463835
  },
  "Delta7": {
    "mean": 1.3571930486222221,
    "std": 0.19749261072130803
  },
  "Delta8": {
    "mean": 1.3627134590166667,
    "std": 0.20106034090140623
  },
  "Delta9": {
    "mean": 1.351745779072222,
    "std": 0.18375572131260803
  },
  "Delta10": {
    "mean": 1.345729531633333,
    "std": 0.19621706859894117
  },
  "Delta11": {
    "mean": 1.359444516944444,
    "std": 0.20275374219556427
  },
  "Delta12": {
    "mean": 1.3604344710055554,
    "std": 0.1937543168253039
  }
}