{
  "Jitter_rel": {
    "mean": 0.6182280833333333,
    "std": 0.4519143458912318
  },
  "Jitter_abs": {
    "mean": 4.695223333333333e-05,
    "std": 3.855475817608244e-05
  },
  "Jitter_RAP": {
    "mean": 0.0033992306666666672,
    "std": 0.002811569021814116
  },
  "Jitter_PPQ": {
    "mean": 0.0037395563888888896,
    "std": 0.0034033470174128677
  },
  "Shim_loc": {
    "mean": 0.03911497111111111,
    "std": 0.02167302464432026
  },
  "Shim_dB": {
    "mean": 0.3425355722222222,
    "std": 0.19296844967327512
  },
  "Shim_APQ3": {
    "mean": 0.02193437611111111,
    "std": 0.012563524010278312
  },
  "Shim_APQ5": {
    "mean": 0.023814458333333333,
    "std": 0.013841319570016001
  },
  "Shi_APQ11": {
    "mean": 0.029060658888888886,
    "std": 0.01605682669918616
  },
  "HNR05": {
    "mean": 60.18805584733334,
    "std": 13.944217990696815
  },
  "HNR15": {
    "mean": 64.77542898861111,
    "std": 14.905168114125827
  },
  "HNR25": {
    "mean": 75.42542356305556,
    "std": 15.666665500446314
  },
  "HNR35": {
    "mean": 81.42250194838888,
    "std": 16.497012476099336
  },
  "HNR38": {
    "mean": 82.71736310788889,
    "std": 16.701427052291432
  },
  "RPDE": {
    "mean": 0.3105997267000001,
    "std": 0.06051225950459662
  },
  "DFA": {
    "mean": 0.6135865771666666,
    "std": 0.07395464708729449
  },
  "PPE": {
    "mean": 0.2814838710222222,
    "std": 0.22469215392586045
  },
  "GNE": {
    "mean": 0.9179982077277777,
    "std": 0.03142673167798855
  },
  "MFCC0": {
    "mean": 1.3636783586444445,
    "std": 0.19456297864624209
  },
  "MFCC1": {
    "mean": 1.3048689245277776,
    "std": 0.19035973358461103
  },
  "MFCC2": {
    "mean": 1.2963526798166667,
    "std": 0.2191356185130684
  },
  "MFCC3": {
    "mean": 1.3557347190111109,
    "std": 0.19828827858144282
  },
  "MFCC4": {
    "mean": 1.3739249887277774,
    "std": 0.2013137342948829
  },
  "MFCC5": {
    "mean": 1.34121489855,
    "std": 0.19779218412984634
  },
  "MFCC6": {
    "mean": 1.3493624792277779,
    "std": 0.19135862126451725
  },
  "MFCC7": {
    "mean": 1.359545881388889,
    "std": 0.19415493238989945
  },
  "MFCC8": {
    "mean": 1.36637195155,
    "std": 0.1988022976870763
  },
  "MFCC9": {
    "mean": 1.3677514703166667,
    "std": 0.18327250702300205
  },
  "MFCC10": {
    "mean": 1.3559114066000002,
    "std": 0.18926203864775518
  },
  "MFCC11": {
    "mean": 1.3675926256999997,
    "std": 0.19424990817990656
  },
  "MFCC12": {
    "mean": 1.3539443524555557,
    "std": 0.19010020292724683
  },
  "Delta0": {
    "mean": 1.3506384222555556,
    "std": 0.20830554954947647
  },
  "Delta1": {
    "mean": 1.348133427816667,
    "std": 0.2002835722364387
  },
  "Delta2": {
    "mean": 1.3531942661944447,
    "std": 0.19841104895317285
  },
  "Delta3": {
    "mean": 1.3535351618833333,
    "std": 0.1819224931257855
  },
  "Delta4": {
    "mean": 1.3615755423611111,
    "std": 0.18829369753151262
  },
  "Delta5": {
    "mean": 1.3567850448833336,
    "std": 0.18782253729826545
  },
  "Delta6": {
    "mean": 1.3568887914666665,
    "std": 0.1939560244153213
  },
  "Delta7": {
    "mean": 1.3571930486222221,
    "std": 0.19915924457881656
  },
  "Delta8": {
    "mean": 1.3627134590166667,
    "std": 0.2027570827203766
  },
  "Delta9": {
    "mean": 1.351745779072222,
    "std": 0.18530642999751504
  },
  "Delta10": {
    "mean": 1.345729531633333,
    "std": 0.19787293819706775
  },
  "Delta11": {
    "mean": 1.359444516944444,
    "std": 0.2044647745741707
  },
  "Delta12": {
    "mean": 1.3604344710055554,
    "std": 0.1953894033395794
  }
}