{
  "Jitter_rel": {
    "mean": 0.0065177930522382225,
    "std": 0.0038166831641665983
  },
  "Jitter_abs": {
    "mean": 4.2999507267221005e-05,
    "std": 3.175402882780548e-05
  },
  "Jitter_RAP": {
    "mean": 0.003450270334413702,
    "std": 0.002121156864437878
  },
  "Jitter_PPQ": {
    "mean": 0.0037207509250169685,
    "std": 0.0021996231016178556
  },
  "Shim_loc": {
    "mean": 0.07097706251191102,
    "std": 0.03253508205605262
  },
  "Shim_dB": {
    "mean": 0.6391373446945615,
    "std": 0.28463445564533574
  },
  "Shim_APQ3": {
    "mean": 0.03645476520914608,
    "std": 0.01620813059538133
  },
  "Shim_APQ5": {
    "mean": 0.0454740284701823,
    "std": 0.02093016216472907
  },
  "HNR05": {
    "mean": 17.73940976916889,
    "std": 3.5840065706224506
  },
  "HNR15": {
    "mean": 17.73940976916889,
    "std": 3.5840065706224506
  },
  "HNR25": {
    "mean": 17.73940976916889,
    "std": 3.5840065706224506
  },
  "HNR35": {
    "mean": 17.73940976916889,
    "std": 3.5840065706224506
  },
  "HNR38": {
    "mean": 17.73940976916889,
    "std": 3.5840065706224506
  },
  "Shi_APQ11": {
    "mean": 0.06050862566163971,
    "std": 0.02803237926375212
  },
  "RPDE": {
    "mean": 0.3106000000000005,
    "std": 1.0
  },
  "DFA": {
    "mean": 0.6136000000000005,
    "std": 1.0
  },
  "PPE": {
    "mean": 0.2814999999999998,
    "std": 1.0
  },
  "GNE": {
    "mean": 0.9179999999999994,
    "std": 1.0
  },
  "MFCC0": {
    "mean": -208.9093101501465,
    "std": 33.50834605753079
  },
  "MFCC1": {
    "mean": 208.30420532226563,
    "std": 24.78861271391955
  },
  "MFCC2": {
    "mean": -71.58478031158447,
    "std": 25.61142234884163
  },
  "MFCC3": {
    "mean": -16.888856695095697,
    "std": 13.691982641225108
  },
  "MFCC4": {
    "mean": -2.6238835652669272,
    "std": 14.372937509193797
  },
  "MFCC5": {
    "mean": -42.1116047223409,
    "std": 12.885790534386139
  },
  "MFCC6": {
    "mean": 17.007059665520988,
    "std": 9.88389160559666
  },
  "MFCC7": {
    "mean": 9.32621547182401,
    "std": 9.126389523597261
  },
  "MFCC8": {
    "mean": -28.834836133321126,
    "std": 7.285818859636299
  },
  "MFCC9": {
    "mean": 5.5949661704401175,
    "std": 6.823082958846607
  },
  "MFCC10": {
    "mean": 2.2922850229466953,
    "std": 5.454035463975606
  },
  "MFCC11": {
    "mean": -14.527276980876923,
    "std": 8.15630287183299
  },
  "MFCC12": {
    "mean": 4.985119907247523,
    "std": 7.522285489779365
  },
  "Delta0": {
    "mean": -0.5217997524576883,
    "std": 0.4614941830531788
  },
  "Delta1": {
    "mean": -0.23348088103036085,
    "std": 0.40186249960484033
  },
  "Delta2": {
    "mean": 0.21951647317036987,
    "std": 0.2794750280458183
  },
  "Delta3": {
    "mean": 0.04612491688070198,
    "std": 0.19132481792347372
  },
  "Delta4": {
    "mean": -0.055134190161091584,
    "std": 0.13477074037343165
  },
  "Delta5": {
    "mean": 0.1047098031733185,
    "std": 0.1367394032290435
  },
  "Delta6": {
    "mean": -0.01163787758481097,
    "std": 0.10960707872080638
  },
  "Delta7": {
    "mean": -0.05632162934440809,
    "std": 0.09040187685490615
  },
  "Delta8": {
    "mean": 0.04516933001577854,
    "std": 0.09907414107662718
  },
  "Delta9": {
    "mean": -0.02517368100816384,
    "std": 0.08415633024816142
  },
  "Delta10": {
    "mean": -0.010471450535502906,
    "std": 0.08563905890436851
  },
  "Delta11": {
    "mean": 0.034021485061384735,
    "std": 0.08472826694922618
  },
  "Delta12": {
    "mean": -0.025690572809738417,
    "std": 0.0746641884390609
  }
}