{
  "Jitter_rel": {
    "mean": 0.006339533796416279,
    "std": 0.0038284332560976813
  },
  "Jitter_abs": {
    "mean": 4.1160653334107604e-05,
    "std": 2.994375908474788e-05
  },
  "Jitter_RAP": {
    "mean": 0.003373206924318496,
    "std": 0.002198882161835902
  },
  "Jitter_PPQ": {
    "mean": 0.0037163488633089104,
    "std": 0.002399862963693743
  },
  "Shim_loc": {
    "mean": 0.08256108551571492,
    "std": 0.03472062031660173
  },
  "Shim_dB": {
    "mean": 0.7481440146953614,
    "std": 0.3175517738640413
  },
  "Shim_APQ3": {
    "mean": 0.041843682498429735,
    "std": 0.01743376190690766
  },
  "Shim_APQ5": {
    "mean": 0.05265083392116988,
    "std": 0.022315334026776937
  },
  "HNR05": {
    "mean": 14.196221743756043,
    "std": 3.5958044373073084
  },
  "HNR15": {
    "mean": 14.196221743756043,
    "std": 3.5958044373073084
  },
  "HNR25": {
    "mean": 14.196221743756043,
    "std": 3.5958044373073084
  },
  "HNR35": {
    "mean": 14.196221743756043,
    "std": 3.5958044373073084
  },
  "HNR38": {
    "mean": 14.196221743756043,
    "std": 3.5958044373073084
  },
  "Shi_APQ11": {
    "mean": 0.0713189309804109,
    "std": 0.029279967112040773
  },
  "RPDE": {
    "mean": 0.31060000000000043,
    "std": 1.0
  },
  "DFA": {
    "mean": 0.6136000000000007,
    "std": 1.0
  },
  "PPE": {
    "mean": 0.28149999999999975,
    "std": 1.0
  },
  "GNE": {
    "mean": 0.9179999999999994,
    "std": 1.0
  },
  "MFCC0": {
    "mean": -342.1352260714286,
    "std": 31.41609408145424
  },
  "MFCC1": {
    "mean": 174.63239741071428,
    "std": 28.137156150096125
  },
  "MFCC2": {
    "mean": -130.7638735357143,
    "std": 23.4201916430401
  },
  "MFCC3": {
    "mean": -20.039266099107135,
    "std": 14.665324603453378
  },
  "MFCC4": {
    "mean": -7.026623305,
    "std": 14.89173217534533
  },
  "MFCC5": {
    "mean": -63.7666144642857,
    "std": 13.719632413614592
  },
  "MFCC6": {
    "mean": 19.044221119999996,
    "std": 10.110032584260281
  },
  "MFCC7": {
    "mean": 6.018949820357143,
    "std": 9.370144940642149
  },
  "MFCC8": {
    "mean": -40.13739623214287,
    "std": 7.637704809312481
  },
  "MFCC9": {
    "mean": 9.665268558928576,
    "std": 6.753793521796566
  },
  "MFCC10": {
    "mean": -0.9364641771428575,
    "std": 5.593046531888778
  },
  "MFCC11": {
    "mean": -21.01625771607143,
    "std": 8.219832416010382
  },
  "MFCC12": {
    "mean": 9.092118548410712,
    "std": 7.3927138328367334
  },
  "Delta0": {
    "mean": -0.4730060572821429,
    "std": 0.4451299418622248
  },
  "Delta1": {
    "mean": -0.38318015137321415,
    "std": 0.5590990848475536
  },
  "Delta2": {
    "mean": 0.31271790618035716,
    "std": 0.3810808215269548
  },
  "Delta3": {
    "mean": 0.045592969714285704,
    "std": 0.17160633901934605
  },
  "Delta4": {
    "mean": -0.07980851619464284,
    "std": 0.14538289907675617
  },
  "Delta5": {
    "mean": 0.1390157016285715,
    "std": 0.17119843377775382
  },
  "Delta6": {
    "mean": -0.02907669058767858,
    "std": 0.11204088495630486
  },
  "Delta7": {
    "mean": -0.05960523985357143,
    "std": 0.09348972022385825
  },
  "Delta8": {
    "mean": 0.05838780359464285,
    "std": 0.11245482955912366
  },
  "Delta9": {
    "mean": -0.03821318712321429,
    "std": 0.09120212161463861
  },
  "Delta10": {
    "mean": -0.002564015810714284,
    "std": 0.09062612357612203
  },
  "Delta11": {
    "mean": 0.04328646163392859,
    "std": 0.09198279448507066
  },
  "Delta12": {
    "mean": -0.03877114956066071,
    "std": 0.08632628211695705
  }
}